{
  "4": {
    "last_scrape_time": 1770488301.3869283
  },
  "5": {
    "last_scrape_time": 1770492955.9369445
  },
  "6": {
    "last_scrape_time": 1770492957.6145687
  }
}